Workbook

Sheet Instructions
A1: ENERGY & EMISSIONS CALCULATION WORKSHEET
A2: Audit-Defensible Baseline System - Agricultural Operations
A4: PURPOSE
A5: Calculate total energy consumption and Scope 1 + Scope 2 greenhouse gas emissions from your agricultural operation
A9: HOW TO USE THIS WORKBOOK
A11: 1. COLOR CODING:
A12: • YELLOW cells | C12: Data entry (fill these in)
A13: • WHITE cells | C13: Calculated values (do not edit)
A14: • BLUE headers | C14: Section labels
A16: 2. WORKSHEET TABS:
A17: • Instructions | C17: This sheet - read first
A18: • Electricity | C18: Enter monthly electricity consumption
A19: • Diesel | C19: Enter diesel fuel consumption
A20: • Gasoline | C20: Enter gasoline fuel consumption
A21: • Natural Gas | C21: Enter natural gas/propane consumption
A22: • Emissions Summary | C22: Auto-calculated totals (Scope 1 + 2)
A23: • Intensity Metrics | C23: Emissions per hectare, per kg output
A24: • Data Quality | C24: Assess measurement confidence
A25: • Emission Factors | C25: Reference data

Sheet Electricity
A1: PART A: ELECTRICITY CONSUMPTION (Scope 2 Emissions)
A3: Baseline Period: | B3: Start Date: | C3: 01/01/2024 | D3: End Date: | E3: 31/12/2024
A5: MONTHLY ELECTRICITY CONSUMPTION DATA
A6: Month | B6: Meter ID | C6: kWh Consumed | D6: Cost (€) | E6: Supplier | F6: Notes | G6: Data Source
A7: Jan 2024
A8: Feb 2024
A9: Mar 2024
A10: Apr 2024
A11: May 2024
A12: Jun 2024
A13: Jul 2024
A14: Aug 2024
A15: Sep 2024
A16: Oct 2024
A17: Nov 2024
A18: Dec 2024
A19: TOTAL | C19: =SUM(C7:C18) -> 0 | D19: =SUM(D7:D18) -> 0
A27: GRID EMISSION FACTOR SELECTION
A28: Select your grid region: | B28: Germany
A29: Grid Emission Factor: | B29: =VLOOKUP(B28,'Emission Factors'!A:B,2,FALSE) -> 0 | C29: kg CO2e per kWh
A31: SCOPE 2 EMISSIONS CALCULATION
A32: Annual Electricity (kWh) | B32: Grid Factor | C32: Scope 2 (kg CO2e) | D32: Scope 2 (tonnes CO2e)
A33: =C18 -> 0 | B33: =B29 -> 0 | C33: =A33*B33 -> 0 | D33: =C33/1000 -> 0

Sheet Diesel
A1: PART B: DIESEL FUEL CONSUMPTION (Scope 1 Emissions)
A3: OPTION 1: Total Purchases (Simpler)
A4: Month | B4: Liters Purchased | C4: Cost (€) | D4: Supplier | E4: Invoice # | F4: Notes | G4: Data Source
A5: Jan 2024
A6: Feb 2024
A7: Mar 2024
A8: Apr 2024
A9: May 2024
A10: Jun 2024
A11: Jul 2024
A12: Aug 2024
A13: Sep 2024
A14: Oct 2024
A15: Nov 2024
A16: Dec 2024
A17: TOTAL | B17: =SUM(B5:B16) -> 0 | C17: =SUM(C5:C16) -> 0
A32: DIESEL EMISSIONS CALCULATION
A35: Total Diesel (Liters) | B35: Unit | C35: Emission Factor | D35: Scope 1 (kg CO2e) | E35: Scope 1 (tonnes CO2e)
A36: =B16 -> 0 | B36: Liters | C36: 2.68 | D36: =A36*C36 -> 0 | E36: =D36/1000 -> 0

Sheet Gasoline
A1: GASOLINE FUEL CONSUMPTION (Scope 1 Emissions)
A3: MONTHLY GASOLINE CONSUMPTION DATA
A4: Month | B4: Liters Purchased | C4: Equipment Used | D4: Cost (€) | E4: Notes | F4: Data Source
A5: Jan 2024
A6: Feb 2024
A7: Mar 2024
A8: Apr 2024
A9: May 2024
A10: Jun 2024
A11: Jul 2024
A12: Aug 2024
A13: Sep 2024
A14: Oct 2024
A15: Nov 2024
A16: Dec 2024
A17: TOTAL | B17: =SUM(B5:B16) -> 0 | D17: =SUM(D5:D16) -> 0
A20: GASOLINE EMISSIONS CALCULATION
A21: Total Gasoline (Liters) | B21: Unit | C21: Emission Factor | D21: Scope 1 (kg CO2e) | E21: Scope 1 (tonnes CO2e)
A22: =B16 -> 0 | B22: Liters | C22: 2.31 | D22: =A22*C22 -> 0 | E22: =D22/1000 -> 0

Sheet Natural Gas
A1: NATURAL GAS / PROPANE CONSUMPTION (Scope 1)
A3: Fuel Type: | B3: Natural Gas
A5: MONTHLY CONSUMPTION DATA
A6: Month | B6: Volume Consumed | C6: Unit | D6: Cost (€) | E6: Supplier | F6: Notes | G6: Data Source
A7: Jan 2024
A8: Feb 2024
A9: Mar 2024
A10: Apr 2024
A11: May 2024
A12: Jun 2024
A13: Jul 2024
A14: Aug 2024
A15: Sep 2024
A16: Oct 2024
A17: Nov 2024
A18: Dec 2024
A19: TOTAL | B19: =SUM(B7:B18) -> 0 | D19: =SUM(D7:D18) -> 0
A22: NATURAL GAS EMISSIONS CALCULATION
A23: Total Natural Gas | B23: Unit | C23: Emission Factor | D23: Scope 1 (kg CO2e) | E23: Scope 1 (tonnes CO2e)
A24: =B18 -> 0 | B24: m³ | C24: 2.03 | D24: =IF(B3="Natural Gas",A24*C24,0) -> 0 | E24: =D24/1000 -> 0
A27: PROPANE (LPG) EMISSIONS CALCULATION
A28: Total Natural Gas | B28: Unit | C28: Emission Factor | D28: Scope 1 (kg CO2e) | E28: Scope 1 (tonnes CO2e)
A29: =B18 -> 0 | B29: kg | C29: 2.98 | D29: =IF(B3="Propane (LPG)",A29*C29,0) -> 0 | E29: =D29/1000 -> 0

Sheet Emissions Summary
A1: TOTAL GHG EMISSIONS SUMMARY (Scope 1 + Scope 2)
A2: Baseline Year: 2024
A13: GREENHOUSE GAS EMISSIONS (Scope 1 + Scope 2)
A14: Emission Source | B14: Scope | C14: Emissions (kg CO2e) | D14: Emissions (tonnes CO2e) | E14: % of Total
A15: Electricity (grid) | B15: Scope 2 | C15: =Electricity!C33 -> 0 | D15: =C15/1000 -> 0 | E15: =D14/D$20*100 -> 0
A16: Diesel | B16: Scope 1 | C16: =Diesel!D36 -> 0 | D16: =C16/1000 -> 0 | E16: =D15/D$20*100 -> 0
A17: Gasoline | B17: Scope 1 | C17: =Gasoline!D22 -> 0 | D17: =C17/1000 -> 0 | E17: =D16/D$20*100 -> 0
A18: Natural Gas | B18: Scope 1 | C18: ='Natural Gas'!D24 -> 0 | D18: =C18/1000 -> 0 | E18: =D17/D$20*100 -> 0
A19: Propane | B19: Scope 1 | C19: ='Natural Gas'!D29 -> 0 | D19: =C19/1000 -> 0 | E19: =D18/D$20*100 -> 0
A20: TOTAL EMISSIONS | C20: =SUM(C15:C19) -> 0 | D20: =C20/1000 -> 0 | E20: 100%
A23: EMISSIONS BY SCOPE
A24: Scope 1 Total (Direct Emissions): | C24: =SUM(D16:D19) -> 0 | D24: tonnes CO2e
A25: Scope 2 Total (Electricity Emissions): | C25: =D15 -> 0 | D25: tonnes CO2e
A27: COMBINED TOTAL: | C27: =D20 -> 0 | D27: tonnes CO2e

Sheet Intensity Metrics
A1: ENERGY & EMISSIONS INTENSITY METRICS
A6: PRODUCTION DATA (For Intensity Calculations)
A8: Select primary production measure: | B8: Hectares farmed
A10: Total area farmed: | C10: hectares
A11: Total output: | C11: kg/tonnes
A12: Total revenue: | C12: €
A16: INTENSITY CALCULATIONS
A17: Intensity Metric | B17: Your Performance | C17: Unit | D17: Benchmark Range
A18: Energy per hectare | B18: ='Emissions Summary'!D20/B10 -> 0 | C18: GJ/ha | D18: Crop: 5-25 Livestock: 15-60
A19: Emissions per hectare | B19: ='Emissions Summary'!C20/B10 -> 0 | C19: kg CO2e/ha | D19: Crop: 500-3,000 Livestock: 2,000-10,000
A20: Emissions per kg output | B20: ='Emissions Summary'!C20/B11 -> 0 | C20: kg CO2e/kg | D20: Grains: 0.1-0.5 Veg: 0.2-1.0
A21: Emissions per € revenue | B21: ='Emissions Summary'!C20/B12 -> 0 | C21: kg CO2e/€ | D21: Varies by product

Sheet Data Quality
A1: DATA QUALITY & UNCERTAINTY ASSESSMENT
A12: ASSESS YOUR DATA QUALITY
A13: Data Element | B13: Quality Score (1-5) | C13: Notes / Improvement Plan
A14: Electricity consumption
A15: Diesel consumption
A16: Gasoline consumption
A17: Natural gas/propane
A18: Production output (hectares)
A19: Production output (kg/tonnes)
A20: AVERAGE SCORE | B20: =AVERAGE(B14:B19) -> 0

Sheet Emission Factors
A1: EMISSION FACTOR REFERENCE TABLE
A3: ELECTRICITY GRID EMISSION FACTORS (kg CO2e per kWh)
A4: Source: IEA 2023 data
A5: Region/Country | B5: Emission Factor (kg CO2e/kWh)
A6: Germany | B6: 0.348
A7: France | B7: 0.051
A8: Italy | B8: 0.256
A9: Spain | B9: 0.197
A10: Netherlands | B10: 0.304
A11: UK | B11: 0.233
A12: Poland | B12: 0.701
A13: EU Average | B13: 0.255
A14: USA Average | B14: 0.386
A15: Canada Average | B15: 0.12
A16: Australia | B16: 0.61
