Workbook

Sheet Instructions
B2: GAP ANALYSIS & PRIORITIZATION MATRIX
B4: WHAT THIS TOOL DOES
B5: This tool helps you prioritize which gaps to close first based on:
B6: • Buyer Priority - How important is this to your buyers?
B7: • Implementation Difficulty - How hard is it to fix?
B8: • Cost - How much will it cost?
B9: • Risk - What happens if you don't fix it?
B11: THE QUADRANT SYSTEM
B13: HIGH PRIORITY
B14: ▲
B15: │ Q2: PLAN Q1: DO FIRST
B16: │ CAREFULLY (High priority,
... B40: © Ecosystems United 2025 | All Rights Reserved

Sheet Gap Input
B1: GAP INPUT
B2: Enter your gaps from the Readiness Scorecard (categories scoring below 70%)
A4: # | B4: Category | C4: Gap Description | D4: Current Situation
A5: 1
A6: 2
A7: 3
A8: 4
A9: 5
A10: 6
A11: 7
A12: 8
A13: 9
A14: 10
A15: 11
A16: 12
... A24: 20

Sheet Priority Scoring
B1: PRIORITY SCORING
B2: Rate each gap to calculate priority
A4: # | B4: Gap (from Gap Input) | C4: Buyer Priority | D4: Difficulty | E4: Cost | F4: Risk Level | G4: Priority Score | H4: Quadrant
A5: 1 | B5: ='Gap Input'!C5 -> 0 | G5: =IF(OR(C5="",D5=""),"",VALUE(LEFT(C5,1))*2+(6-VALUE(LEFT(D5,1)))+IF(F5="Critical",3,IF(F5="High",2,IF(F5="Medium",1,0)))) | H5: =IF(OR(C5="",D5=""),"",IF(AND(VALUE(LEFT(C5,1))>=3,VALUE(LEFT(D5,1))<=3),"Q1: DO FIRST",IF(AND(VALUE(LEFT(C5,1))>=3,VALUE(LEFT(D5,1))>3),"Q2: PLAN CAREFULLY",IF(AND(VALUE(LEFT(C5,1))<3,VALUE(LEFT(D5,1))<=3),"Q3: WHEN TIME ALLOWS","Q4: DEFER"))))
A6: 2 | B6: ='Gap Input'!C6 -> 0 | G6: =IF(OR(C6="",D6=""),"",VALUE(LEFT(C6,1))*2+(6-VALUE(LEFT(D6,1)))+IF(F6="Critical",3,IF(F6="High",2,IF(F6="Medium",1,0)))) | H6: =IF(OR(C6="",D6=""),"",IF(AND(VALUE(LEFT(C6,1))>=3,VALUE(LEFT(D6,1))<=3),"Q1: DO FIRST",IF(AND(VALUE(LEFT(C6,1))>=3,VALUE(LEFT(D6,1))>3),"Q2: PLAN CAREFULLY",IF(AND(VALUE(LEFT(C6,1))<3,VALUE(LEFT(D6,1))<=3),"Q3: WHEN TIME ALLOWS","Q4: DEFER"))))
A7: 3 | B7: ='Gap Input'!C7 -> 0 | G7: =IF(OR(C7="",D7=""),"",VALUE(LEFT(C7,1))*2+(6-VALUE(LEFT(D7,1)))+IF(F7="Critical",3,IF(F7="High",2,IF(F7="Medium",1,0)))) | H7: =IF(OR(C7="",D7=""),"",IF(AND(VALUE(LEFT(C7,1))>=3,VALUE(LEFT(D7,1))<=3),"Q1: DO FIRST",IF(AND(VALUE(LEFT(C7,1))>=3,VALUE(LEFT(D7,1))>3),"Q2: PLAN CAREFULLY",IF(AND(VALUE(LEFT(C7,1))<3,VALUE(LEFT(D7,1))<=3),"Q3: WHEN TIME ALLOWS","Q4: DEFER"))))
A8: 4 | B8: ='Gap Input'!C8 -> 0 | G8: =IF(OR(C8="",D8=""),"",VALUE(LEFT(C8,1))*2+(6-VALUE(LEFT(D8,1)))+IF(F8="Critical",3,IF(F8="High",2,IF(F8="Medium",1,0)))) | H8: =IF(OR(C8="",D8=""),"",IF(AND(VALUE(LEFT(C8,1))>=3,VALUE(LEFT(D8,1))<=3),"Q1: DO FIRST",IF(AND(VALUE(LEFT(C8,1))>=3,VALUE(LEFT(D8,1))>3),"Q2: PLAN CAREFULLY",IF(AND(VALUE(LEFT(C8,1))<3,VALUE(LEFT(D8,1))<=3),"Q3: WHEN TIME ALLOWS","Q4: DEFER"))))
A9: 5 | B9: ='Gap Input'!C9 -> 0 | G9: =IF(OR(C9="",D9=""),"",VALUE(LEFT(C9,1))*2+(6-VALUE(LEFT(D9,1)))+IF(F9="Critical",3,IF(F9="High",2,IF(F9="Medium",1,0)))) | H9: =IF(OR(C9="",D9=""),"",IF(AND(VALUE(LEFT(C9,1))>=3,VALUE(LEFT(D9,1))<=3),"Q1: DO FIRST",IF(AND(VALUE(LEFT(C9,1))>=3,VALUE(LEFT(D9,1))>3),"Q2: PLAN CAREFULLY",IF(AND(VALUE(LEFT(C9,1))<3,VALUE(LEFT(D9,1))<=3),"Q3: WHEN TIME ALLOWS","Q4: DEFER"))))
A10: 6 | B10: ='Gap Input'!C10 -> 0 | G10: =IF(OR(C10="",D10=""),"",VALUE(LEFT(C10,1))*2+(6-VALUE(LEFT(D10,1)))+IF(F10="Critical",3,IF(F10="High",2,IF(F10="Medium",1,0)))) | H10: =IF(OR(C10="",D10=""),"",IF(AND(VALUE(LEFT(C10,1))>=3,VALUE(LEFT(D10,1))<=3),"Q1: DO FIRST",IF(AND(VALUE(LEFT(C10,1))>=3,VALUE(LEFT(D10,1))>3),"Q2: PLAN CAREFULLY",IF(AND(VALUE(LEFT(C10,1))<3,VALUE(LEFT(D10,1))<=3),"Q3: WHEN TIME ALLOWS","Q4: DEFER"))))
A11: 7 | B11: ='Gap Input'!C11 -> 0 | G11: =IF(OR(C11="",D11=""),"",VALUE(LEFT(C11,1))*2+(6-VALUE(LEFT(D11,1)))+IF(F11="Critical",3,IF(F11="High",2,IF(F11="Medium",1,0)))) | H11: =IF(OR(C11="",D11=""),"",IF(AND(VALUE(LEFT(C11,1))>=3,VALUE(LEFT(D11,1))<=3),"Q1: DO FIRST",IF(AND(VALUE(LEFT(C11,1))>=3,VALUE(LEFT(D11,1))>3),"Q2: PLAN CAREFULLY",IF(AND(VALUE(LEFT(C11,1))<3,VALUE(LEFT(D11,1))<=3),"Q3: WHEN TIME ALLOWS","Q4: DEFER"))))
A12: 8 | B12: ='Gap Input'!C12 -> 0 | G12: =IF(OR(C12="",D12=""),"",VALUE(LEFT(C12,1))*2+(6-VALUE(LEFT(D12,1)))+IF(F12="Critical",3,IF(F12="High",2,IF(F12="Medium",1,0)))) | H12: =IF(OR(C12="",D12=""),"",IF(AND(VALUE(LEFT(C12,1))>=3,VALUE(LEFT(D12,1))<=3),"Q1: DO FIRST",IF(AND(VALUE(LEFT(C12,1))>=3,VALUE(LEFT(D12,1))>3),"Q2: PLAN CAREFULLY",IF(AND(VALUE(LEFT(C12,1))<3,VALUE(LEFT(D12,1))<=3),"Q3: WHEN TIME ALLOWS","Q4: DEFER"))))
A13: 9 | B13: ='Gap Input'!C13 -> 0 | G13: =IF(OR(C13="",D13=""),"",VALUE(LEFT(C13,1))*2+(6-VALUE(LEFT(D13,1)))+IF(F13="Critical",3,IF(F13="High",2,IF(F13="Medium",1,0)))) | H13: =IF(OR(C13="",D13=""),"",IF(AND(VALUE(LEFT(C13,1))>=3,VALUE(LEFT(D13,1))<=3),"Q1: DO FIRST",IF(AND(VALUE(LEFT(C13,1))>=3,VALUE(LEFT(D13,1))>3),"Q2: PLAN CAREFULLY",IF(AND(VALUE(LEFT(C13,1))<3,VALUE(LEFT(D13,1))<=3),"Q3: WHEN TIME ALLOWS","Q4: DEFER"))))
A14: 10 | B14: ='Gap Input'!C14 -> 0 | G14: =IF(OR(C14="",D14=""),"",VALUE(LEFT(C14,1))*2+(6-VALUE(LEFT(D14,1)))+IF(F14="Critical",3,IF(F14="High",2,IF(F14="Medium",1,0)))) | H14: =IF(OR(C14="",D14=""),"",IF(AND(VALUE(LEFT(C14,1))>=3,VALUE(LEFT(D14,1))<=3),"Q1: DO FIRST",IF(AND(VALUE(LEFT(C14,1))>=3,VALUE(LEFT(D14,1))>3),"Q2: PLAN CAREFULLY",IF(AND(VALUE(LEFT(C14,1))<3,VALUE(LEFT(D14,1))<=3),"Q3: WHEN TIME ALLOWS","Q4: DEFER"))))
A15: 11 | B15: ='Gap Input'!C15 -> 0 | G15: =IF(OR(C15="",D15=""),"",VALUE(LEFT(C15,1))*2+(6-VALUE(LEFT(D15,1)))+IF(F15="Critical",3,IF(F15="High",2,IF(F15="Medium",1,0)))) | H15: =IF(OR(C15="",D15=""),"",IF(AND(VALUE(LEFT(C15,1))>=3,VALUE(LEFT(D15,1))<=3),"Q1: DO FIRST",IF(AND(VALUE(LEFT(C15,1))>=3,VALUE(LEFT(D15,1))>3),"Q2: PLAN CAREFULLY",IF(AND(VALUE(LEFT(C15,1))<3,VALUE(LEFT(D15,1))<=3),"Q3: WHEN TIME ALLOWS","Q4: DEFER"))))
A16: 12 | B16: ='Gap Input'!C16 -> 0 | G16: =IF(OR(C16="",D16=""),"",VALUE(LEFT(C16,1))*2+(6-VALUE(LEFT(D16,1)))+IF(F16="Critical",3,IF(F16="High",2,IF(F16="Medium",1,0)))) | H16: =IF(OR(C16="",D16=""),"",IF(AND(VALUE(LEFT(C16,1))>=3,VALUE(LEFT(D16,1))<=3),"Q1: DO FIRST",IF(AND(VALUE(LEFT(C16,1))>=3,VALUE(LEFT(D16,1))>3),"Q2: PLAN CAREFULLY",IF(AND(VALUE(LEFT(C16,1))<3,VALUE(LEFT(D16,1))<=3),"Q3: WHEN TIME ALLOWS","Q4: DEFER"))))
... A24: 20 | B24: ='Gap Input'!C24 -> 0 | G24: =IF(OR(C24="",D24=""),"",VALUE(LEFT(C24,1))*2+(6-VALUE(LEFT(D24,1)))+IF(F24="Critical",3,IF(F24="High",2,IF(F24="Medium",1,0)))) | H24: =IF(OR(C24="",D24=""),"",IF(AND(VALUE(LEFT(C24,1))>=3,VALUE(LEFT(D24,1))<=3),"Q1: DO FIRST",IF(AND(VALUE(LEFT(C24,1))>=3,VALUE(LEFT(D24,1))>3),"Q2: PLAN CAREFULLY",IF(AND(VALUE(LEFT(C24,1))<3,VALUE(LEFT(D24,1))<=3),"Q3: WHEN TIME ALLOWS","Q4: DEFER"))))
B27: SCORING LEGEND
B28: Buyer Priority: 1 = Rarely asked, 5 = Every buyer asks
B29: Difficulty: 1 = Can do today, 5 = Major project
B30: Cost: € = Free/minimal, €€€€€ = Significant investment
B31: Risk: What happens if buyer asks and you can't answer?

Sheet Action Roadmap
B1: ACTION ROADMAP
B2: Your gaps sorted by priority (highest first)
B4: Gap | C4: Priority Score | D4: Quadrant | E4: Cost | F4: Recommended Timing
B5: ='Priority Scoring'!B5 -> 0 | C5: ='Priority Scoring'!G5 | D5: ='Priority Scoring'!H5 | E5: ='Priority Scoring'!E5 -> 0 | F5: =IF(D5="","",IF(D5="Q1: DO FIRST","Immediate - Next 30 days",IF(D5="Q2: PLAN CAREFULLY","Short-term - 1-3 months",IF(D5="Q3: WHEN TIME ALLOWS","Medium-term - 3-6 months","Long-term - 6+ months"))))
B6: ='Priority Scoring'!B6 -> 0 | C6: ='Priority Scoring'!G6 | D6: ='Priority Scoring'!H6 | E6: ='Priority Scoring'!E6 -> 0 | F6: =IF(D6="","",IF(D6="Q1: DO FIRST","Immediate - Next 30 days",IF(D6="Q2: PLAN CAREFULLY","Short-term - 1-3 months",IF(D6="Q3: WHEN TIME ALLOWS","Medium-term - 3-6 months","Long-term - 6+ months"))))
B7: ='Priority Scoring'!B7 -> 0 | C7: ='Priority Scoring'!G7 | D7: ='Priority Scoring'!H7 | E7: ='Priority Scoring'!E7 -> 0 | F7: =IF(D7="","",IF(D7="Q1: DO FIRST","Immediate - Next 30 days",IF(D7="Q2: PLAN CAREFULLY","Short-term - 1-3 months",IF(D7="Q3: WHEN TIME ALLOWS","Medium-term - 3-6 months","Long-term - 6+ months"))))
B8: ='Priority Scoring'!B8 -> 0 | C8: ='Priority Scoring'!G8 | D8: ='Priority Scoring'!H8 | E8: ='Priority Scoring'!E8 -> 0 | F8: =IF(D8="","",IF(D8="Q1: DO FIRST","Immediate - Next 30 days",IF(D8="Q2: PLAN CAREFULLY","Short-term - 1-3 months",IF(D8="Q3: WHEN TIME ALLOWS","Medium-term - 3-6 months","Long-term - 6+ months"))))
B9: ='Priority Scoring'!B9 -> 0 | C9: ='Priority Scoring'!G9 | D9: ='Priority Scoring'!H9 | E9: ='Priority Scoring'!E9 -> 0 | F9: =IF(D9="","",IF(D9="Q1: DO FIRST","Immediate - Next 30 days",IF(D9="Q2: PLAN CAREFULLY","Short-term - 1-3 months",IF(D9="Q3: WHEN TIME ALLOWS","Medium-term - 3-6 months","Long-term - 6+ months"))))
B10: ='Priority Scoring'!B10 -> 0 | C10: ='Priority Scoring'!G10 | D10: ='Priority Scoring'!H10 | E10: ='Priority Scoring'!E10 -> 0 | F10: =IF(D10="","",IF(D10="Q1: DO FIRST","Immediate - Next 30 days",IF(D10="Q2: PLAN CAREFULLY","Short-term - 1-3 months",IF(D10="Q3: WHEN TIME ALLOWS","Medium-term - 3-6 months","Long-term - 6+ months"))))
B11: ='Priority Scoring'!B11 -> 0 | C11: ='Priority Scoring'!G11 | D11: ='Priority Scoring'!H11 | E11: ='Priority Scoring'!E11 -> 0 | F11: =IF(D11="","",IF(D11="Q1: DO FIRST","Immediate - Next 30 days",IF(D11="Q2: PLAN CAREFULLY","Short-term - 1-3 months",IF(D11="Q3: WHEN TIME ALLOWS","Medium-term - 3-6 months","Long-term - 6+ months"))))
B12: ='Priority Scoring'!B12 -> 0 | C12: ='Priority Scoring'!G12 | D12: ='Priority Scoring'!H12 | E12: ='Priority Scoring'!E12 -> 0 | F12: =IF(D12="","",IF(D12="Q1: DO FIRST","Immediate - Next 30 days",IF(D12="Q2: PLAN CAREFULLY","Short-term - 1-3 months",IF(D12="Q3: WHEN TIME ALLOWS","Medium-term - 3-6 months","Long-term - 6+ months"))))
B13: ='Priority Scoring'!B13 -> 0 | C13: ='Priority Scoring'!G13 | D13: ='Priority Scoring'!H13 | E13: ='Priority Scoring'!E13 -> 0 | F13: =IF(D13="","",IF(D13="Q1: DO FIRST","Immediate - Next 30 days",IF(D13="Q2: PLAN CAREFULLY","Short-term - 1-3 months",IF(D13="Q3: WHEN TIME ALLOWS","Medium-term - 3-6 months","Long-term - 6+ months"))))
B14: ='Priority Scoring'!B14 -> 0 | C14: ='Priority Scoring'!G14 | D14: ='Priority Scoring'!H14 | E14: ='Priority Scoring'!E14 -> 0 | F14: =IF(D14="","",IF(D14="Q1: DO FIRST","Immediate - Next 30 days",IF(D14="Q2: PLAN CAREFULLY","Short-term - 1-3 months",IF(D14="Q3: WHEN TIME ALLOWS","Medium-term - 3-6 months","Long-term - 6+ months"))))
B15: ='Priority Scoring'!B15 -> 0 | C15: ='Priority Scoring'!G15 | D15: ='Priority Scoring'!H15 | E15: ='Priority Scoring'!E15 -> 0 | F15: =IF(D15="","",IF(D15="Q1: DO FIRST","Immediate - Next 30 days",IF(D15="Q2: PLAN CAREFULLY","Short-term - 1-3 months",IF(D15="Q3: WHEN TIME ALLOWS","Medium-term - 3-6 months","Long-term - 6+ months"))))
B16: ='Priority Scoring'!B16 -> 0 | C16: ='Priority Scoring'!G16 | D16: ='Priority Scoring'!H16 | E16: ='Priority Scoring'!E16 -> 0 | F16: =IF(D16="","",IF(D16="Q1: DO FIRST","Immediate - Next 30 days",IF(D16="Q2: PLAN CAREFULLY","Short-term - 1-3 months",IF(D16="Q3: WHEN TIME ALLOWS","Medium-term - 3-6 months","Long-term - 6+ months"))))
... B24: ='Priority Scoring'!B24 -> 0 | C24: ='Priority Scoring'!G24 | D24: ='Priority Scoring'!H24 | E24: ='Priority Scoring'!E24 -> 0 | F24: =IF(D24="","",IF(D24="Q1: DO FIRST","Immediate - Next 30 days",IF(D24="Q2: PLAN CAREFULLY","Short-term - 1-3 months",IF(D24="Q3: WHEN TIME ALLOWS","Medium-term - 3-6 months","Long-term - 6+ months"))))
B27: NOTE: Sort this list by Priority Score (Column C) highest to lowest for best results.

Sheet Resource Planning
B1: RESOURCE PLANNING SUMMARY
B4: GAPS BY QUADRANT
B5: Quadrant | C5: Count | D5: Recommended Focus
B6: Q1: DO FIRST | C6: =COUNTIF('Priority Scoring'!H:H,"Q1: DO FIRST") -> 0 | D6: Immediate attention - these are quick wins
B7: Q2: PLAN CAREFULLY | C7: =COUNTIF('Priority Scoring'!H:H,"Q2: PLAN CAREFULLY") -> 0 | D7: Important but need resources/planning
B8: Q3: WHEN TIME ALLOWS | C8: =COUNTIF('Priority Scoring'!H:H,"Q3: WHEN TIME ALLOWS") -> 0 | D8: Nice to have, low urgency
B9: Q4: DEFER | C9: =COUNTIF('Priority Scoring'!H:H,"Q4: DEFER") -> 0 | D9: Consider deprioritizing
B12: COST DISTRIBUTION
B13: Total gaps entered: | C13: =COUNTA('Gap Input'!C5:C24) -> 0
B15: Use this information to:
B16: • Estimate total budget needed
B17: • Identify quick wins (Q1) for immediate action
B18: • Plan resource allocation across quadrants
