Workbook

Sheet Instructions
B2: TIMELINE PLANNING TOOL
B3: Map your gap closure activities to a calendar with milestone tracking.
B5: How to use this tool:
B6: 1. Go to Scenario Selection and choose your timeline approach
B7: 2. Enter your key dates (buyer deadlines, audits, etc.) in Key Dates
B8: 3. Import your gaps from the Gap Analysis Matrix into Gap Import
B9: 4. Map milestones for each gap in Milestone Mapping
B10: 5. Track progress weekly in Progress Tracker
B12: Scenario Options:
B13: Proactive (6-12 months) - Build comprehensive capability before pressure
B14: Early Warning (3-6 months) - Respond to upcoming deadline with focused effort
B15: Reactive (90 days) - Immediate response with honest communication
... B20: Timeline Planning Tool · Ecosystems United · v1.0 · contact@ecosystemsunited.com

Sheet Scenario Selection
B2: SCENARIO SELECTION
B3: Choose your timeline approach based on your situation.
B5: How to use this page:
B6: 1. Review the three scenarios below
B7: 2. Select your scenario from the dropdown
B8: 3. Your selection will guide the timeline in other tabs
B10: YOUR SELECTION
B11: Scenario | C11: Proactive (6-12 months)
B13: SCENARIO DETAILS
B14: Scenario | C14: Timeline | D14: Phases | E14: Target Readiness
B15: Proactive | C15: 6-12 months | D15: Phase 1: Q1 gaps (Mo 1-3) Phase 2: Core metrics (Mo 4-6) Phase 3: Remaining (Mo 7-12) | E15: 80%+
B16: Early Warning | C16: 3-6 months | D16: Phase 1: Q1+critical Q2 (Mo 1-2) Phase 2: Complete Q2 (Mo 3-4) Phase 3: Documentation (Mo 5-6) | E16: 65%+
B17: Reactive | C17: Immediate + 90 days | D17: Week 1: Triage Week 2-4: Partial response Months 2-4: Build capability | E17: Honest response
B19: Timeline Planning Tool · Ecosystems United · v1.0 · contact@ecosystemsunited.com

Sheet Key Dates
B2: KEY DATES
B3: Enter important deadlines that will appear on your timeline.
B5: How to use this page:
B6: 1. Enter your planning start date
B7: 2. Add buyer deadlines, audit dates, and other key milestones
B8: 3. These dates will appear as markers on your Gantt view
B10: PLANNING START
B11: Start Date
B13: BUYER DEADLINES
B14: # | C14: Deadline Date | D14: Buyer Name | E14: Request Type | F14: Status
B15: 1
B16: 2
B17: 3
B18: 4
B19: 5
B20: 6
B21: 7
B22: 8
B23: 9
B24: 10
B26: Timeline Planning Tool · Ecosystems United · v1.0 · contact@ecosystemsunited.com

Sheet Gap Import
B2: GAP IMPORT
B3: Copy your gaps from the Gap Analysis Matrix.
B5: How to use this page:
B6: 1. Open your completed Gap Analysis Matrix
B7: 2. Copy your gaps into the table below
B8: 3. Include quadrant and priority score for proper scheduling
B10: YOUR GAPS
B11: Gap ID | C11: Category | D11: Sub-requirement | E11: Quadrant | F11: Priority Score | G11: Est. Timeline | H11: Dependencies
B33: Timeline Planning Tool · Ecosystems United · v1.0 · contact@ecosystemsunited.com

Sheet Milestone Mapping
B2: MILESTONE MAPPING
B3: Define milestones and target dates for each gap.
B5: How to use this page:
B6: 1. For each gap, enter a start date and target completion date
B7: 2. Add 1-3 milestones with dates and descriptions
B8: 3. Assign an owner responsible for each gap
B10: MILESTONE SCHEDULE
B11: Gap ID | C11: Sub-requirement | D11: Start Date | E11: Milestone 1 | F11: Milestone 2 | G11: Milestone 3 | H11: Target Complete | I11: Phase | J11: Owner | K11: Notes
B33: Timeline Planning Tool · Ecosystems United · v1.0 · contact@ecosystemsunited.com

Sheet Progress Tracker
B2: PROGRESS TRACKER
B3: Track status and completion for each gap.
B5: How to use this page:
B6: 1. Update status and % complete weekly
B7: 2. Note any blockers preventing progress
B8: 3. Review risk flags to identify items needing attention
B10: SUMMARY
B11: Total Gaps | C11: Complete | D11: On Track | E11: At Risk | F11: Overdue
B12: =COUNTA(B16:B35) -> 20 | C12: =COUNTIF(E16:E35,"Complete") -> 0 | D12: =COUNTIF(H16:H35,"OK") -> 0 | E12: =COUNTIF(H16:H35,"⚠ AT RISK") -> 0 | F12: =COUNTIF(H16:H35,"✗ OVERDUE") -> 0
B14: GAP PROGRESS
B15: Gap ID | C15: Sub-requirement | D15: Target Date | E15: Status | F15: % Complete | G15: Days Remaining | H15: Risk Flag | I15: Blockers | J15: Last Updated | K15: Notes
B16: =IF('Milestone Mapping'!B12="","",'Milestone Mapping'!B12) | C16: =IF('Milestone Mapping'!C12="","",'Milestone Mapping'!C12) | D16: =IF('Milestone Mapping'!H12="","",'Milestone Mapping'!H12) | G16: =IF(D16="","",IF(D16<TODAY(),"OVERDUE",D16-TODAY())) | H16: =IF(E16="","",IF(E16="Complete","✓",IF(G16="OVERDUE","✗ OVERDUE",IF(AND(G16<14,F16<50),"⚠ AT RISK",IF(AND(G16<7,F16<80),"⚠ AT RISK","OK")))))
B17: =IF('Milestone Mapping'!B13="","",'Milestone Mapping'!B13) | C17: =IF('Milestone Mapping'!C13="","",'Milestone Mapping'!C13) | D17: =IF('Milestone Mapping'!H13="","",'Milestone Mapping'!H13) | G17: =IF(D17="","",IF(D17<TODAY(),"OVERDUE",D17-TODAY())) | H17: =IF(E17="","",IF(E17="Complete","✓",IF(G17="OVERDUE","✗ OVERDUE",IF(AND(G17<14,F17<50),"⚠ AT RISK",IF(AND(G17<7,F17<80),"⚠ AT RISK","OK")))))
B18: =IF('Milestone Mapping'!B14="","",'Milestone Mapping'!B14) | C18: =IF('Milestone Mapping'!C14="","",'Milestone Mapping'!C14) | D18: =IF('Milestone Mapping'!H14="","",'Milestone Mapping'!H14) | G18: =IF(D18="","",IF(D18<TODAY(),"OVERDUE",D18-TODAY())) | H18: =IF(E18="","",IF(E18="Complete","✓",IF(G18="OVERDUE","✗ OVERDUE",IF(AND(G18<14,F18<50),"⚠ AT RISK",IF(AND(G18<7,F18<80),"⚠ AT RISK","OK")))))
B19: =IF('Milestone Mapping'!B15="","",'Milestone Mapping'!B15) | C19: =IF('Milestone Mapping'!C15="","",'Milestone Mapping'!C15) | D19: =IF('Milestone Mapping'!H15="","",'Milestone Mapping'!H15) | G19: =IF(D19="","",IF(D19<TODAY(),"OVERDUE",D19-TODAY())) | H19: =IF(E19="","",IF(E19="Complete","✓",IF(G19="OVERDUE","✗ OVERDUE",IF(AND(G19<14,F19<50),"⚠ AT RISK",IF(AND(G19<7,F19<80),"⚠ AT RISK","OK")))))
B20: =IF('Milestone Mapping'!B16="","",'Milestone Mapping'!B16) | C20: =IF('Milestone Mapping'!C16="","",'Milestone Mapping'!C16) | D20: =IF('Milestone Mapping'!H16="","",'Milestone Mapping'!H16) | G20: =IF(D20="","",IF(D20<TODAY(),"OVERDUE",D20-TODAY())) | H20: =IF(E20="","",IF(E20="Complete","✓",IF(G20="OVERDUE","✗ OVERDUE",IF(AND(G20<14,F20<50),"⚠ AT RISK",IF(AND(G20<7,F20<80),"⚠ AT RISK","OK")))))
B21: =IF('Milestone Mapping'!B17="","",'Milestone Mapping'!B17) | C21: =IF('Milestone Mapping'!C17="","",'Milestone Mapping'!C17) | D21: =IF('Milestone Mapping'!H17="","",'Milestone Mapping'!H17) | G21: =IF(D21="","",IF(D21<TODAY(),"OVERDUE",D21-TODAY())) | H21: =IF(E21="","",IF(E21="Complete","✓",IF(G21="OVERDUE","✗ OVERDUE",IF(AND(G21<14,F21<50),"⚠ AT RISK",IF(AND(G21<7,F21<80),"⚠ AT RISK","OK")))))
B22: =IF('Milestone Mapping'!B18="","",'Milestone Mapping'!B18) | C22: =IF('Milestone Mapping'!C18="","",'Milestone Mapping'!C18) | D22: =IF('Milestone Mapping'!H18="","",'Milestone Mapping'!H18) | G22: =IF(D22="","",IF(D22<TODAY(),"OVERDUE",D22-TODAY())) | H22: =IF(E22="","",IF(E22="Complete","✓",IF(G22="OVERDUE","✗ OVERDUE",IF(AND(G22<14,F22<50),"⚠ AT RISK",IF(AND(G22<7,F22<80),"⚠ AT RISK","OK")))))
B23: =IF('Milestone Mapping'!B19="","",'Milestone Mapping'!B19) | C23: =IF('Milestone Mapping'!C19="","",'Milestone Mapping'!C19) | D23: =IF('Milestone Mapping'!H19="","",'Milestone Mapping'!H19) | G23: =IF(D23="","",IF(D23<TODAY(),"OVERDUE",D23-TODAY())) | H23: =IF(E23="","",IF(E23="Complete","✓",IF(G23="OVERDUE","✗ OVERDUE",IF(AND(G23<14,F23<50),"⚠ AT RISK",IF(AND(G23<7,F23<80),"⚠ AT RISK","OK")))))
B24: =IF('Milestone Mapping'!B20="","",'Milestone Mapping'!B20) | C24: =IF('Milestone Mapping'!C20="","",'Milestone Mapping'!C20) | D24: =IF('Milestone Mapping'!H20="","",'Milestone Mapping'!H20) | G24: =IF(D24="","",IF(D24<TODAY(),"OVERDUE",D24-TODAY())) | H24: =IF(E24="","",IF(E24="Complete","✓",IF(G24="OVERDUE","✗ OVERDUE",IF(AND(G24<14,F24<50),"⚠ AT RISK",IF(AND(G24<7,F24<80),"⚠ AT RISK","OK")))))
B25: =IF('Milestone Mapping'!B21="","",'Milestone Mapping'!B21) | C25: =IF('Milestone Mapping'!C21="","",'Milestone Mapping'!C21) | D25: =IF('Milestone Mapping'!H21="","",'Milestone Mapping'!H21) | G25: =IF(D25="","",IF(D25<TODAY(),"OVERDUE",D25-TODAY())) | H25: =IF(E25="","",IF(E25="Complete","✓",IF(G25="OVERDUE","✗ OVERDUE",IF(AND(G25<14,F25<50),"⚠ AT RISK",IF(AND(G25<7,F25<80),"⚠ AT RISK","OK")))))
B26: =IF('Milestone Mapping'!B22="","",'Milestone Mapping'!B22) | C26: =IF('Milestone Mapping'!C22="","",'Milestone Mapping'!C22) | D26: =IF('Milestone Mapping'!H22="","",'Milestone Mapping'!H22) | G26: =IF(D26="","",IF(D26<TODAY(),"OVERDUE",D26-TODAY())) | H26: =IF(E26="","",IF(E26="Complete","✓",IF(G26="OVERDUE","✗ OVERDUE",IF(AND(G26<14,F26<50),"⚠ AT RISK",IF(AND(G26<7,F26<80),"⚠ AT RISK","OK")))))
B27: =IF('Milestone Mapping'!B23="","",'Milestone Mapping'!B23) | C27: =IF('Milestone Mapping'!C23="","",'Milestone Mapping'!C23) | D27: =IF('Milestone Mapping'!H23="","",'Milestone Mapping'!H23) | G27: =IF(D27="","",IF(D27<TODAY(),"OVERDUE",D27-TODAY())) | H27: =IF(E27="","",IF(E27="Complete","✓",IF(G27="OVERDUE","✗ OVERDUE",IF(AND(G27<14,F27<50),"⚠ AT RISK",IF(AND(G27<7,F27<80),"⚠ AT RISK","OK")))))
... B35: =IF('Milestone Mapping'!B31="","",'Milestone Mapping'!B31) | C35: =IF('Milestone Mapping'!C31="","",'Milestone Mapping'!C31) | D35: =IF('Milestone Mapping'!H31="","",'Milestone Mapping'!H31) | G35: =IF(D35="","",IF(D35<TODAY(),"OVERDUE",D35-TODAY())) | H35: =IF(E35="","",IF(E35="Complete","✓",IF(G35="OVERDUE","✗ OVERDUE",IF(AND(G35<14,F35<50),"⚠ AT RISK",IF(AND(G35<7,F35<80),"⚠ AT RISK","OK")))))
B37: Timeline Planning Tool · Ecosystems United · v1.0 · contact@ecosystemsunited.com

Sheet Config
A1: Status Options | B1: Quadrant Options | C1: Phase Options | D1: Request Types
A2: Not Started | B2: Q1: DO FIRST | C2: Phase 1 | D2: Questionnaire
A3: In Progress | B3: Q2: PLAN CAREFULLY | C3: Phase 2 | D3: Data request
A4: On Track | B4: Q3: WHEN TIME ALLOWS | C4: Phase 3 | D4: Audit
A5: At Risk | B5: Q4: DEFER | D5: Certification review
A6: Blocked | D6: Contract renewal
A7: Complete | D7: Other
A8: Deferred
